customer_id,LastPurchase,Frequency,Recency,UniqueTransactions,CouponUsage,CityDiversity,MerchantDiversity,BranchDiversity,PrimaryGender,Monetary,KMeans_Cluster
1,2024-05-26,7,627,7,3,1,5,6,Male,0.31963470319634707,3
2,2023-10-21,3,845,3,1,1,3,3,Female,0.10285714285714287,2
3,2024-07-05,5,587,5,1,1,4,4,Male,0.24311183144246354,0
4,2023-01-15,1,1124,1,0,1,1,1,Female,0.025996533795493933,1
5,2024-07-02,4,590,4,3,1,3,4,Male,0.1935483870967742,0
6,2024-06-29,4,593,4,4,1,3,3,Male,0.1926163723916533,0
7,2023-06-23,4,965,4,2,1,4,4,Female,0.1206030150753769,1
8,2024-06-13,7,609,7,2,1,4,6,Male,0.32863849765258213,0
10,2024-06-26,8,596,8,5,1,3,4,Female,0.38338658146964855,3
11,2023-03-01,2,1079,2,0,1,2,2,Male,0.05410279531109107,1
12,2024-05-27,9,626,9,4,1,5,7,Male,0.4115853658536585,3
13,2024-01-13,10,761,10,5,1,5,6,Female,0.37926675094816686,3
14,2023-11-21,4,814,4,2,1,3,3,Female,0.14218009478672985,2
15,2022-06-06,1,1347,1,0,1,1,1,Male,0.02178649237472767,1
16,2024-02-09,2,734,2,0,1,2,2,Male,0.07853403141361257,2
17,2024-01-11,6,763,6,5,1,4,5,Female,0.22698612862547288,0
18,2024-06-03,2,619,2,1,1,2,2,Female,0.09244992295839753,2
19,2024-07-07,10,585,10,4,1,6,7,Male,0.4878048780487805,3
20,2024-06-03,6,619,6,0,1,4,5,Female,0.2773497688751926,0
21,2024-07-01,5,591,5,1,1,3,4,Male,0.24154589371980675,0
22,2024-07-03,7,589,7,4,1,5,6,Male,0.3392568659127625,3
23,2024-04-23,4,660,4,1,1,4,4,Male,0.17391304347826086,0
24,2023-03-27,1,1053,1,0,1,1,1,Male,0.027700831024930747,1
25,2024-06-20,6,602,6,3,1,4,5,Male,0.2848101265822785,0
26,2024-07-08,5,584,5,1,1,5,5,Female,0.24429967426710097,0
27,2023-11-21,2,814,2,1,1,1,1,Female,0.07109004739336493,1
28,2024-05-01,4,652,4,4,1,3,3,Female,0.1759530791788856,0
29,2024-05-17,3,636,3,3,1,3,3,Female,0.13513513513513514,2
30,2023-01-06,4,1133,4,2,1,3,3,Male,0.10318142734307825,1
31,2024-06-13,4,609,4,1,1,2,3,Male,0.18779342723004694,2
32,2024-07-08,3,584,3,1,1,2,2,Male,0.1465798045602606,2
33,2024-02-26,2,717,2,2,1,1,1,Male,0.08032128514056225,2
35,2024-07-14,5,578,5,2,1,3,4,Male,0.2467105263157895,0
36,2023-12-31,3,774,3,0,1,2,3,Male,0.11194029850746268,2
38,2022-10-01,4,1230,4,2,1,4,4,Female,0.09523809523809523,1
39,2024-07-09,7,583,7,4,1,5,6,Female,0.3425774877650897,3
40,2024-01-16,5,758,5,2,1,3,4,Female,0.1903553299492386,0
41,2023-11-22,7,813,7,3,1,5,6,Male,0.24911032028469748,0
42,2024-01-07,2,767,2,2,1,2,2,Male,0.07528230865746549,2
43,2023-10-26,7,840,7,3,1,6,7,Female,0.24137931034482757,3
44,2024-07-13,7,579,7,4,1,5,5,Male,0.3448275862068965,3
45,2023-12-13,4,792,4,2,1,4,4,Male,0.14598540145985403,0
46,2023-07-15,1,943,1,1,1,1,1,Male,0.03083247687564234,1
47,2024-05-24,4,629,4,2,1,3,3,Female,0.1820940819423369,2
48,2023-12-03,4,802,4,1,1,4,4,Male,0.14423076923076922,0
49,2024-06-12,8,610,8,4,1,5,5,Female,0.375,3
50,2024-06-15,6,607,6,4,1,5,6,Male,0.28257456828885397,0
51,2024-06-29,1,593,1,0,1,1,1,Male,0.048154093097913325,2
52,2023-03-23,1,1057,1,0,1,1,1,Male,0.027598896044158234,1
53,2024-06-11,5,611,5,2,1,4,4,Female,0.234009360374415,0
54,2024-07-06,3,586,3,2,1,2,3,Male,0.1461038961038961,2
55,2024-07-09,3,583,3,2,1,2,3,Female,0.1468189233278956,2
56,2024-05-30,4,623,4,2,1,3,3,Female,0.18376722817764166,2
57,2023-12-08,4,797,4,2,1,3,4,Female,0.14510278113663846,2
58,2024-07-14,5,578,5,2,1,2,2,Male,0.2467105263157895,2
59,2024-07-12,10,580,10,7,1,5,6,Male,0.49180327868852464,3
60,2024-03-09,5,705,5,3,1,4,4,Male,0.2040816326530612,0
61,2024-04-27,3,656,3,3,1,2,2,Male,0.13119533527696792,2
62,2022-10-06,3,1225,3,1,1,3,3,Female,0.07171314741035856,1
63,2023-11-18,5,817,5,0,1,4,4,Female,0.17709563164108616,0
64,2024-05-26,3,627,3,3,1,2,2,Female,0.13698630136986303,2
65,2024-05-03,9,650,9,2,1,6,7,Male,0.39705882352941174,3
66,2024-07-08,6,584,6,3,1,4,4,Female,0.2931596091205212,0
67,2024-03-05,2,709,2,1,1,2,2,Male,0.08119079837618404,2
68,2024-05-25,6,628,6,3,1,3,5,Female,0.2735562310030395,0
69,2024-06-18,5,604,5,3,1,3,3,Male,0.23659305993690855,0
70,2024-04-27,5,656,5,3,1,3,4,Male,0.21865889212827988,0
71,2024-07-12,2,580,2,1,1,2,2,Female,0.09836065573770493,2
72,2024-06-18,5,604,5,2,1,4,4,Female,0.23659305993690855,0
73,2024-07-12,12,580,12,5,1,6,7,Female,0.5901639344262296,3
74,2024-06-20,4,602,4,1,1,4,4,Female,0.189873417721519,0
75,2024-07-13,7,579,7,5,1,4,5,Male,0.3448275862068965,3
76,2024-02-22,6,721,6,1,1,5,5,Female,0.2396804260985353,0
77,2024-05-30,3,623,3,0,1,3,3,Female,0.13782542113323124,2
78,2023-07-29,2,929,2,0,1,2,2,Female,0.06256517205422316,1
79,2023-09-28,5,868,5,2,1,5,5,Male,0.16703786191536746,0
80,2022-11-25,1,1175,1,1,1,1,1,Male,0.024896265560165977,1
81,2023-10-16,2,850,2,1,1,2,2,Female,0.06818181818181819,1
82,2024-07-09,6,583,6,4,1,3,4,Male,0.2936378466557912,0
83,2024-04-23,6,660,6,4,1,5,6,Female,0.2608695652173913,0
84,2024-04-28,8,655,8,3,1,6,6,Male,0.35036496350364965,3
85,2023-12-11,2,794,2,0,1,2,2,Male,0.07281553398058253,2
86,2024-05-08,4,645,4,1,1,3,3,Male,0.17777777777777778,2
87,2024-04-20,6,663,6,3,1,4,4,Male,0.2597402597402597,0
88,2024-04-18,5,665,5,2,1,5,5,Female,0.2158273381294964,0
89,2023-07-04,4,954,4,1,1,3,3,Female,0.12195121951219513,1
90,2024-06-14,4,608,4,2,1,4,4,Female,0.18808777429467086,0
91,2024-03-26,4,688,4,1,1,3,3,Male,0.1671309192200557,2
92,2024-07-12,4,580,4,1,1,2,3,Female,0.19672131147540986,2
93,2024-06-13,8,609,8,4,1,6,6,Female,0.3755868544600939,3
94,2024-03-09,2,705,2,0,1,2,2,Female,0.08163265306122448,2
95,2024-07-11,2,581,2,1,1,2,2,Male,0.09819967266775777,2
96,2023-08-03,4,924,4,2,1,3,3,Male,0.12578616352201258,1
97,2024-07-05,4,587,4,2,1,4,4,Male,0.19448946515397084,0
98,2024-07-06,4,586,4,3,1,4,4,Female,0.1948051948051948,0
99,2024-05-20,3,633,3,1,1,3,3,Female,0.13574660633484162,2
100,2024-06-07,5,615,5,5,1,4,5,Female,0.23255813953488372,0
101,2024-06-14,7,608,7,3,1,4,4,Male,0.329153605015674,0
102,2024-07-11,8,581,8,4,1,6,6,Male,0.39279869067103107,3
103,2023-08-08,2,919,2,1,1,2,2,Female,0.06322444678609063,1
104,2024-07-09,10,583,10,4,1,7,7,Male,0.4893964110929854,3
105,2024-04-28,5,655,5,2,1,4,5,Male,0.21897810218978103,0
106,2023-04-02,3,1047,3,2,1,3,3,Male,0.08356545961002787,1
107,2023-06-16,3,972,3,2,1,2,3,Male,0.08982035928143713,1
108,2024-06-05,5,617,5,4,1,4,4,Female,0.23183925811437406,0
109,2024-06-17,10,605,10,3,1,5,6,Male,0.47244094488188976,3
110,2024-06-23,2,599,2,0,1,2,2,Male,0.09538950715421304,2
111,2024-07-11,8,581,8,7,1,3,4,Male,0.39279869067103107,3
112,2024-06-06,7,616,7,4,1,5,5,Male,0.32507739938080493,3
113,2024-06-25,8,597,8,3,1,6,7,Female,0.3827751196172249,3
114,2024-07-12,5,580,5,3,1,4,4,Female,0.24590163934426232,0
115,2024-07-09,3,583,3,1,1,3,3,Male,0.1468189233278956,2
116,2024-04-28,4,655,4,1,1,2,2,Male,0.17518248175182483,2
117,2024-04-24,5,659,5,2,1,4,4,Male,0.21770682148040643,0
118,2023-08-26,8,901,8,2,1,6,6,Male,0.25778732545649835,3
119,2024-04-25,6,658,6,2,1,5,6,Male,0.2616279069767442,0
120,2024-06-20,4,602,4,2,1,4,4,Male,0.189873417721519,0
121,2023-08-31,2,896,2,1,1,2,2,Female,0.06479481641468682,1
122,2024-07-07,5,585,5,3,1,3,4,Male,0.24390243902439024,0
123,2024-07-03,2,589,2,2,1,2,2,Female,0.09693053311793215,2
124,2024-06-04,9,618,9,5,1,6,6,Female,0.41666666666666663,3
125,2023-12-07,4,798,4,2,1,3,3,Male,0.14492753623188406,2
126,2024-07-14,4,578,4,2,1,3,3,Female,0.19736842105263158,2
127,2024-05-09,7,644,7,3,1,6,7,Female,0.31157270029673595,3
128,2023-12-14,7,791,7,3,1,5,6,Female,0.2557856272838002,0
129,2024-06-29,10,593,10,4,1,5,6,Female,0.48154093097913325,3
130,2023-08-20,5,907,5,3,1,4,5,Female,0.16008537886872998,0
131,2024-01-19,3,755,3,2,1,3,3,Female,0.11464968152866242,2
132,2024-06-07,6,615,6,4,1,3,3,Male,0.27906976744186046,0
133,2023-09-19,2,877,2,2,1,1,1,Female,0.0661521499448732,1
134,2024-06-01,3,621,3,0,1,3,3,Female,0.1382488479262673,2
135,2024-05-09,1,644,1,0,1,1,1,Female,0.04451038575667656,2
136,2023-08-29,4,898,4,2,1,3,3,Male,0.12931034482758622,1
137,2024-05-11,7,642,7,3,1,4,4,Female,0.3125,0
138,2024-07-12,5,580,5,3,1,5,5,Male,0.24590163934426232,0
139,2024-03-20,7,694,7,5,1,4,5,Female,0.2900552486187845,3
140,2024-06-27,5,595,5,4,1,5,5,Male,0.24,0
141,2024-04-26,9,657,9,4,1,4,4,Male,0.39301310043668125,3
142,2023-07-11,3,947,3,2,1,2,2,Female,0.09211873080859775,1
143,2024-06-24,6,598,6,2,1,4,4,Female,0.28662420382165604,0
144,2024-07-08,4,584,4,2,1,4,4,Male,0.19543973941368079,0
145,2023-12-11,4,794,4,3,1,2,2,Female,0.14563106796116507,2
146,2024-03-30,3,684,3,1,1,2,3,Male,0.12605042016806722,2
147,2024-07-02,6,590,6,1,1,5,5,Male,0.29032258064516125,0
148,2024-03-29,4,685,4,3,1,4,4,Male,0.16783216783216784,0
149,2024-03-23,8,691,8,3,1,4,4,Male,0.33287101248266293,3
150,2023-07-07,1,951,1,1,1,1,1,Male,0.030581039755351678,1
151,2024-06-13,3,609,3,2,1,3,3,Female,0.1408450704225352,2
152,2024-04-11,3,672,3,2,1,3,3,Male,0.1282051282051282,2
153,2024-05-30,3,623,3,1,1,3,3,Male,0.13782542113323124,2
154,2024-07-11,11,581,11,6,1,6,8,Female,0.5400981996726677,3
155,2024-05-02,5,651,5,4,1,3,3,Male,0.22026431718061676,0
156,2024-07-12,11,580,11,3,1,6,7,Female,0.5409836065573771,3
157,2023-11-05,2,830,2,2,1,2,2,Female,0.06976744186046512,1
158,2024-06-11,1,611,1,0,1,1,1,Female,0.046801872074883,2
159,2024-07-10,6,582,6,4,1,4,4,Male,0.2941176470588236,0
160,2024-03-17,5,697,5,2,1,4,4,Male,0.2063273727647868,0
161,2024-06-08,8,614,8,3,1,4,5,Male,0.3726708074534162,3
162,2024-07-01,7,591,7,3,1,6,6,Female,0.33816425120772947,3
163,2024-07-04,6,588,6,4,1,6,6,Male,0.2912621359223301,3
164,2024-06-16,8,606,8,3,1,5,6,Female,0.37735849056603776,3
165,2024-05-09,4,644,4,3,1,4,4,Male,0.17804154302670624,0
166,2024-05-25,7,628,7,3,1,6,6,Female,0.3191489361702128,3
167,2024-01-12,4,762,4,3,1,3,3,Male,0.15151515151515152,2
168,2024-01-06,2,768,2,0,1,2,2,Male,0.07518796992481203,2
169,2024-05-14,2,639,2,2,1,2,2,Male,0.08968609865470852,2
170,2024-05-10,4,643,4,2,1,3,4,Female,0.17830609212481427,0
171,2024-06-18,5,604,5,3,1,5,5,Female,0.23659305993690855,0
172,2024-07-11,4,581,4,1,1,4,4,Male,0.19639934533551553,0
173,2024-05-03,6,650,6,4,1,4,5,Male,0.2647058823529411,0
174,2023-11-01,2,834,2,0,1,2,2,Female,0.06944444444444445,1
175,2024-05-11,6,642,6,1,1,5,5,Female,0.26785714285714285,0
176,2024-06-18,2,604,2,2,1,2,2,Female,0.09463722397476342,2
177,2024-07-06,5,586,5,2,1,4,4,Male,0.24350649350649348,0
178,2024-06-23,5,599,5,4,1,4,4,Female,0.2384737678855326,0
179,2024-02-18,3,725,3,2,1,3,3,Male,0.11920529801324502,2
180,2024-06-19,3,603,3,3,1,2,2,Female,0.14218009478672985,2
181,2024-06-16,4,606,4,2,1,2,3,Male,0.18867924528301888,2
182,2024-07-13,5,579,5,1,1,5,5,Female,0.2463054187192118,0
183,2024-07-12,9,580,9,2,1,5,6,Female,0.4426229508196722,3
184,2024-03-25,7,689,7,1,1,5,6,Female,0.29207232267037553,0
185,2024-06-07,5,615,5,2,1,3,4,Female,0.23255813953488372,0
186,2023-10-13,3,853,3,2,1,3,3,Female,0.10192525481313702,2
187,2024-01-24,5,750,5,4,1,4,4,Male,0.19230769230769232,0
188,2024-03-07,10,707,10,6,1,6,6,Female,0.407055630936228,3
189,2023-02-16,2,1092,2,1,1,1,1,Female,0.053475935828877004,1
190,2024-07-10,7,582,7,4,1,4,5,Female,0.34313725490196084,3
191,2024-07-09,6,583,6,2,1,4,4,Male,0.2936378466557912,0
192,2024-02-01,7,742,7,6,1,6,6,Female,0.272020725388601,3
193,2024-03-27,6,687,6,1,1,4,5,Male,0.25104602510460255,0
194,2024-05-17,6,636,6,4,1,5,5,Female,0.2702702702702703,0
195,2024-04-03,5,680,5,2,1,2,2,Female,0.2112676056338028,2
196,2024-05-08,5,645,5,2,1,4,5,Male,0.22222222222222224,0
197,2024-01-22,2,752,2,1,1,2,2,Female,0.07672634271099744,2
198,2024-05-06,5,647,5,2,1,4,5,Male,0.22156573116691283,0
199,2023-12-19,4,786,4,2,1,4,4,Male,0.14705882352941177,0
200,2023-01-12,2,1127,2,1,1,2,2,Female,0.05185825410544511,1
201,2024-06-20,8,602,8,5,1,4,5,Male,0.379746835443038,3
202,2024-01-22,6,752,6,3,1,5,5,Female,0.23017902813299235,0
203,2024-05-18,5,635,5,3,1,3,3,Female,0.22556390977443608,0
204,2024-05-07,5,646,5,4,1,4,4,Male,0.22189349112426035,0
205,2024-03-02,5,712,5,3,1,4,5,Male,0.2021563342318059,0
206,2023-07-16,7,942,7,4,1,4,4,Male,0.2160493827160494,0
207,2024-06-20,9,602,9,5,1,5,7,Male,0.4272151898734178,3
208,2024-07-06,4,586,4,3,1,4,4,Female,0.1948051948051948,0
209,2024-04-19,4,664,4,2,1,2,3,Female,0.1729106628242075,2
210,2024-06-06,7,616,7,5,1,4,4,Male,0.32507739938080493,3
211,2024-05-24,8,629,8,4,1,5,5,Female,0.3641881638846738,3
212,2024-06-13,3,609,3,1,1,2,2,Female,0.1408450704225352,2
213,2024-07-12,7,580,7,4,1,7,7,Female,0.34426229508196726,3
214,2024-07-08,5,584,5,3,1,4,4,Female,0.24429967426710097,0
215,2023-07-29,4,929,4,2,1,4,4,Male,0.1251303441084463,1
216,2023-02-08,4,1100,4,3,1,3,4,Male,0.10619469026548674,1
217,2024-05-20,4,633,4,2,1,3,3,Female,0.18099547511312217,2
218,2024-07-14,8,578,8,5,1,5,6,Male,0.39473684210526316,3
219,2024-07-04,2,588,2,0,1,2,2,Male,0.0970873786407767,2
220,2024-06-16,8,606,8,1,1,6,6,Male,0.37735849056603776,3
221,2024-06-02,5,620,5,0,1,4,4,Female,0.23076923076923075,0
222,2024-03-31,4,683,4,2,1,3,3,Female,0.16830294530154277,2
223,2024-07-03,6,589,6,2,1,5,6,Female,0.29079159935379645,0
224,2024-07-01,2,591,2,0,1,2,2,Male,0.0966183574879227,2
225,2023-07-28,1,930,1,1,1,1,1,Female,0.03125,1
226,2024-05-19,5,634,5,5,1,4,4,Female,0.22590361445783133,0
227,2023-06-13,9,975,9,7,1,5,6,Male,0.26865671641791045,3
228,2024-07-01,5,591,5,1,1,3,4,Female,0.24154589371980675,0
229,2024-05-14,4,639,4,3,1,3,4,Female,0.17937219730941703,0
230,2024-07-01,4,591,4,3,1,4,4,Male,0.1932367149758454,0
231,2024-06-14,4,608,4,3,1,3,3,Male,0.18808777429467086,0
232,2024-06-19,5,603,5,3,1,4,4,Male,0.23696682464454974,0
233,2024-03-08,5,706,5,3,1,4,4,Female,0.20380434782608697,0
234,2024-07-13,4,579,4,3,1,4,4,Female,0.19704433497536944,0
235,2024-05-09,8,644,8,3,1,5,6,Female,0.3560830860534125,3
236,2024-03-07,3,707,3,0,1,2,2,Male,0.12211668928086838,2
237,2024-02-18,9,725,9,6,1,6,7,Male,0.35761589403973504,3
238,2023-10-11,5,855,5,3,1,2,3,Female,0.1694915254237288,2
239,2024-07-12,6,580,6,5,1,5,5,Female,0.2950819672131148,3
240,2024-02-22,2,721,2,2,1,2,2,Male,0.07989347536617843,2
241,2023-06-03,2,985,2,1,1,2,2,Male,0.059113300492610835,1
242,2024-01-19,7,755,7,3,1,5,5,Male,0.267515923566879,0
243,2023-06-02,1,986,1,0,1,1,1,Male,0.02952755905511811,1
244,2024-01-03,2,771,2,1,1,2,2,Female,0.0749063670411985,2
245,2024-05-11,5,642,5,4,1,3,4,Male,0.22321428571428573,0
246,2023-11-29,4,806,4,3,1,4,4,Female,0.14354066985645933,0
247,2024-03-27,9,687,9,4,1,7,7,Female,0.3765690376569038,3
248,2024-07-05,6,587,6,5,1,5,5,Female,0.29173419773095627,3
249,2024-02-01,1,742,1,1,1,1,1,Male,0.038860103626943004,2
250,2024-07-02,6,590,6,2,1,5,5,Male,0.29032258064516125,0
251,2024-03-27,4,687,4,1,1,4,4,Male,0.1673640167364017,0
252,2024-07-01,4,591,4,3,1,2,3,Male,0.1932367149758454,2
253,2024-05-30,3,623,3,3,1,2,2,Female,0.13782542113323124,2
254,2024-06-06,6,616,6,3,1,3,3,Male,0.2786377708978328,0
255,2024-01-15,3,759,3,1,1,3,3,Male,0.11406844106463879,2
256,2024-07-13,5,579,5,3,1,4,4,Female,0.2463054187192118,0
257,2023-11-06,2,829,2,2,1,1,1,Male,0.06984866123399301,1
258,2024-07-03,3,589,3,0,1,1,1,Female,0.14539579967689822,2
259,2023-06-09,2,979,2,2,1,2,2,Female,0.05946481665014866,1
260,2024-06-28,9,594,9,5,1,6,6,Female,0.43269230769230765,3
261,2024-01-29,5,745,5,3,1,5,5,Female,0.1935483870967742,0
262,2023-07-21,6,937,6,4,1,4,5,Female,0.18614270941054809,0
263,2024-05-10,4,643,4,2,1,4,4,Female,0.17830609212481427,0
264,2024-04-07,4,676,4,3,1,3,4,Female,0.16997167138810196,0
265,2024-03-23,6,691,6,3,1,3,4,Female,0.2496532593619972,0
266,2024-01-29,5,745,5,1,1,4,4,Male,0.1935483870967742,0
267,2023-04-24,4,1025,4,2,1,3,3,Male,0.1137440758293839,1
268,2024-06-17,8,605,8,3,1,6,7,Male,0.3779527559055118,3
269,2024-06-24,5,598,5,1,1,3,4,Male,0.23885350318471335,0
270,2024-06-10,5,612,5,2,1,5,5,Female,0.23364485981308414,0
271,2024-05-09,4,644,4,4,1,3,4,Male,0.17804154302670624,0
272,2024-05-14,4,639,4,3,1,3,4,Female,0.17937219730941703,0
273,2024-05-14,8,639,8,4,1,6,6,Male,0.35874439461883406,3
274,2023-08-16,3,911,3,2,1,3,3,Male,0.09564293304994687,1
275,2024-07-02,2,590,2,1,1,2,2,Male,0.0967741935483871,2
276,2024-06-12,8,610,8,5,1,5,6,Female,0.375,3
277,2024-06-26,9,596,9,6,1,7,8,Male,0.43130990415335463,3
278,2024-05-24,5,629,5,1,1,5,5,Female,0.22761760242792112,0
279,2024-05-30,6,623,6,2,1,5,5,Female,0.27565084226646247,0
280,2024-02-16,3,727,3,3,1,2,3,Male,0.11889035667107001,2
281,2023-09-05,3,891,3,1,1,2,2,Male,0.09771986970684039,1
282,2024-04-30,5,653,5,2,1,4,4,Male,0.21961932650073207,0
283,2024-07-10,9,582,9,4,1,6,6,Female,0.44117647058823534,3
284,2024-05-23,6,630,6,2,1,5,5,Male,0.2727272727272727,0
285,2024-06-26,1,596,1,0,1,1,1,Female,0.04792332268370607,2
286,2024-03-18,4,696,4,2,1,4,4,Female,0.1652892561983471,0
287,2024-03-23,8,691,8,6,1,5,6,Male,0.33287101248266293,3
288,2023-03-19,7,1061,7,4,1,5,5,Male,0.1924839596700275,0
289,2024-05-29,6,624,6,1,1,4,4,Female,0.2752293577981651,0
290,2024-07-11,5,581,5,2,1,5,5,Female,0.2454991816693944,0
291,2023-10-02,3,864,3,3,1,2,3,Female,0.10067114093959731,1
292,2024-07-10,2,582,2,1,1,2,2,Male,0.09803921568627452,2
293,2024-03-25,6,689,6,5,1,4,4,Female,0.25034770514603616,0
294,2024-04-28,6,655,6,3,1,3,3,Male,0.26277372262773724,0
295,2024-02-19,6,724,6,4,1,4,5,Female,0.23872679045092837,0
296,2024-06-30,5,592,5,3,1,5,5,Female,0.24115755627009644,0
297,2023-08-27,1,900,1,1,1,1,1,Male,0.03225806451612903,1
298,2024-06-28,2,594,2,2,1,1,1,Female,0.09615384615384615,2
299,2024-05-16,3,637,3,1,1,2,3,Male,0.1349325337331334,2
300,2023-12-31,3,774,3,2,1,2,3,Male,0.11194029850746268,2
301,2024-04-13,5,670,5,1,1,4,4,Female,0.2142857142857143,0
302,2024-06-25,9,597,9,4,1,5,6,Male,0.430622009569378,3
303,2024-07-06,9,586,9,6,1,6,6,Male,0.43831168831168826,3
304,2024-05-06,7,647,7,1,1,5,6,Female,0.310192023633678,0
305,2024-05-14,5,639,5,4,1,4,4,Male,0.22421524663677128,0
306,2024-01-17,2,757,2,1,1,2,2,Male,0.07623888182973317,2
307,2024-07-01,4,591,4,2,1,4,4,Male,0.1932367149758454,0
308,2024-06-24,6,598,6,2,1,3,4,Female,0.28662420382165604,0
309,2024-04-01,3,682,3,0,1,3,3,Male,0.12640449438202248,2
310,2024-03-20,2,694,2,0,1,2,2,Female,0.08287292817679558,2
311,2024-02-19,7,724,7,3,1,5,5,Female,0.27851458885941643,0
312,2024-07-02,3,590,3,0,1,3,3,Male,0.14516129032258063,2
313,2024-07-13,8,579,8,3,1,6,6,Male,0.3940886699507389,3
314,2024-06-16,9,606,9,6,1,6,7,Male,0.42452830188679247,3
315,2024-03-28,5,686,5,3,1,3,4,Female,0.2094972067039106,0
316,2024-06-08,1,614,1,1,1,1,1,Male,0.04658385093167702,2
317,2024-07-03,4,589,4,2,1,3,3,Male,0.1938610662358643,2
318,2024-02-19,5,724,5,2,1,3,4,Male,0.1989389920424403,0
319,2024-07-10,3,582,3,3,1,3,3,Male,0.1470588235294118,2
320,2024-03-06,4,708,4,1,1,4,4,Male,0.16260162601626016,0
321,2024-04-03,3,680,3,1,1,3,3,Female,0.1267605633802817,2
322,2024-04-01,3,682,3,1,1,3,3,Female,0.12640449438202248,2
323,2024-07-08,2,584,2,1,1,2,2,Male,0.09771986970684039,2
324,2024-06-27,5,595,5,1,1,4,5,Male,0.24,0
325,2024-06-13,5,609,5,1,1,5,5,Male,0.2347417840375587,0
326,2024-07-09,4,583,4,3,1,3,3,Male,0.19575856443719414,0
327,2024-07-04,7,588,7,3,1,4,6,Female,0.33980582524271846,3
328,2024-05-13,3,640,3,1,1,3,3,Male,0.13432835820895522,2
329,2024-03-11,4,703,4,1,1,3,3,Female,0.1637107776261937,2
330,2024-02-18,1,725,1,1,1,1,1,Female,0.03973509933774834,2
331,2024-02-07,7,736,7,1,1,5,6,Male,0.2741514360313316,0
332,2024-05-24,5,629,5,4,1,4,4,Female,0.22761760242792112,0
333,2023-11-26,3,809,3,2,1,3,3,Female,0.10727056019070322,2
334,2023-12-22,4,783,4,3,1,2,3,Female,0.14760147601476015,2
335,2024-07-02,5,590,5,3,1,4,4,Female,0.24193548387096775,0
336,2024-07-14,7,578,7,3,1,4,5,Male,0.34539473684210525,0
337,2023-05-29,6,990,6,5,1,4,5,Male,0.1764705882352941,0
338,2024-01-31,7,743,7,3,1,5,6,Female,0.2716688227684347,3
339,2024-07-11,4,581,4,3,1,4,4,Male,0.19639934533551553,0
340,2024-06-04,4,618,4,3,1,4,4,Male,0.18518518518518517,0
341,2024-01-27,6,747,6,4,1,5,5,Male,0.23166023166023164,0
342,2024-07-04,5,588,5,2,1,5,5,Male,0.24271844660194175,0
343,2024-06-12,8,610,8,4,1,4,5,Male,0.375,3
344,2024-06-30,4,592,4,4,1,3,3,Female,0.19292604501607716,0
345,2024-01-31,8,743,8,3,1,5,6,Male,0.3104786545924968,3
347,2024-06-12,1,610,1,0,1,1,1,Male,0.046875,2
348,2024-06-04,3,618,3,2,1,3,3,Male,0.1388888888888889,2
349,2024-05-03,4,650,4,1,1,3,3,Female,0.1764705882352941,2
350,2024-07-10,5,582,5,2,1,3,3,Female,0.2450980392156863,0
351,2024-05-27,4,626,4,3,1,4,4,Female,0.18292682926829268,0
352,2024-05-22,5,631,5,3,1,4,4,Female,0.22692889561270801,0
353,2024-04-18,5,665,5,4,1,4,5,Male,0.2158273381294964,0
354,2024-05-29,8,624,8,6,1,6,7,Female,0.36697247706422015,3
355,2023-06-26,7,962,7,2,1,3,3,Male,0.21169354838709675,0
356,2024-07-12,3,580,3,0,1,2,2,Male,0.1475409836065574,2
357,2024-06-11,3,611,3,2,1,3,3,Male,0.14040561622464898,2
358,2023-09-29,5,867,5,3,1,3,3,Male,0.16722408026755853,0
359,2023-12-02,3,803,3,2,1,2,2,Male,0.10804321728691477,2
360,2024-06-15,7,607,7,4,1,3,3,Female,0.32967032967032966,0
361,2024-07-11,6,581,6,4,1,4,5,Female,0.2945990180032733,0
362,2024-06-25,6,597,6,2,1,4,6,Female,0.28708133971291866,0
363,2023-10-19,5,847,5,3,1,4,4,Female,0.17103762827822122,0
364,2024-07-13,10,579,10,5,1,6,7,Male,0.4926108374384236,3
365,2024-03-11,4,703,4,1,1,3,3,Female,0.1637107776261937,2
366,2024-07-10,6,582,6,2,1,5,5,Male,0.2941176470588236,0
367,2024-07-09,7,583,7,3,1,4,5,Female,0.3425774877650897,0
368,2024-06-25,4,597,4,1,1,3,3,Male,0.19138755980861244,2
369,2024-03-07,5,707,5,4,1,5,5,Male,0.203527815468114,0
370,2024-05-12,4,641,4,2,1,4,4,Female,0.17883755588673622,0
371,2024-01-21,7,753,7,4,1,6,7,Male,0.2681992337164751,3
372,2024-04-20,2,663,2,0,1,2,2,Male,0.08658008658008658,2
373,2024-06-27,2,595,2,0,1,2,2,Female,0.096,2
374,2024-06-29,2,593,2,0,1,2,2,Male,0.09630818619582665,2
375,2024-07-11,9,581,9,5,1,6,6,Female,0.44189852700490995,3
376,2024-05-08,6,645,6,3,1,5,5,Female,0.26666666666666666,0
377,2024-03-23,4,691,4,3,1,3,3,Female,0.16643550624133147,2
378,2024-07-03,7,589,7,5,1,4,5,Male,0.3392568659127625,3
379,2024-07-02,4,590,4,2,1,3,3,Male,0.1935483870967742,2
380,2024-06-20,6,602,6,5,1,4,5,Male,0.2848101265822785,0
381,2024-06-16,7,606,7,2,1,3,4,Female,0.33018867924528306,0
382,2024-06-19,7,603,7,3,1,4,6,Male,0.33175355450236965,3
383,2024-06-13,5,609,5,1,1,4,5,Female,0.2347417840375587,0
384,2024-06-15,8,607,8,4,1,5,7,Female,0.3767660910518053,3
385,2023-11-13,5,822,5,3,1,4,5,Male,0.17605633802816903,0
386,2024-01-28,3,746,3,1,1,3,3,Female,0.11597938144329897,2
387,2023-11-28,7,807,7,2,1,5,5,Male,0.2508960573476703,0
388,2024-06-08,5,614,5,3,1,5,5,Male,0.23291925465838512,0
389,2023-02-21,1,1087,1,0,1,1,1,Male,0.02685765443151298,1
390,2024-04-09,9,674,9,5,1,5,5,Male,0.3835227272727273,3
391,2024-05-24,5,629,5,4,1,4,4,Male,0.22761760242792112,0
392,2024-05-28,4,625,4,2,1,3,3,Female,0.183206106870229,2
393,2024-07-10,5,582,5,3,1,3,3,Female,0.2450980392156863,0
394,2024-03-07,1,707,1,0,1,1,1,Female,0.0407055630936228,2
395,2024-05-14,6,639,6,3,1,4,4,Male,0.26905829596412556,0
396,2024-05-05,1,648,1,0,1,1,1,Male,0.04424778761061947,2
397,2024-05-06,5,647,5,3,1,4,5,Male,0.22156573116691283,0
398,2024-06-22,3,600,3,1,1,3,3,Female,0.14285714285714285,2
399,2024-07-10,9,582,9,3,1,5,5,Male,0.44117647058823534,3
400,2024-07-14,6,578,6,2,1,5,5,Female,0.29605263157894735,0
401,2024-06-04,7,618,7,5,1,4,5,Female,0.32407407407407407,3
402,2024-07-05,1,587,1,0,1,1,1,Male,0.04862236628849271,2
403,2024-02-10,4,733,4,1,1,4,4,Male,0.15727391874180865,0
404,2024-03-14,6,700,6,4,1,5,5,Female,0.24657534246575347,0
405,2024-06-07,7,615,7,6,1,4,5,Male,0.32558139534883723,3
406,2024-07-13,8,579,8,3,1,6,6,Female,0.3940886699507389,3
407,2024-05-25,8,628,8,4,1,5,5,Male,0.364741641337386,3
408,2023-12-15,4,790,4,4,1,3,3,Male,0.14634146341463417,0
409,2024-05-23,3,630,3,1,1,3,3,Female,0.13636363636363635,2
411,2023-06-21,1,967,1,1,1,1,1,Female,0.03009027081243731,1
412,2024-06-04,7,618,7,2,1,5,5,Male,0.32407407407407407,0
413,2024-06-26,3,596,3,2,1,3,3,Female,0.1437699680511182,2
414,2024-06-18,9,604,9,6,1,5,6,Female,0.42586750788643535,3
415,2024-02-13,2,730,2,2,1,2,2,Male,0.07894736842105264,2
416,2024-06-04,5,618,5,2,1,4,4,Female,0.23148148148148145,0
417,2024-05-04,4,649,4,1,1,3,3,Male,0.17673048600883653,2
418,2023-11-21,3,814,3,2,1,3,3,Male,0.10663507109004738,2
419,2024-03-13,8,701,8,4,1,6,6,Male,0.3283173734610123,3
420,2024-07-13,9,579,9,5,1,6,6,Female,0.44334975369458124,3
421,2024-06-12,6,610,6,5,1,5,5,Female,0.28125,0
422,2023-07-15,5,943,5,4,1,4,4,Male,0.1541623843782117,0
423,2024-06-29,3,593,3,1,1,3,3,Male,0.14446227929373998,2
424,2024-01-01,6,773,6,3,1,4,4,Female,0.22415940224159403,0
425,2023-12-18,7,787,7,3,1,5,5,Male,0.25703794369645044,0
426,2024-04-08,5,675,5,4,1,4,4,Male,0.2127659574468085,0
427,2024-06-13,6,609,6,2,1,4,5,Female,0.2816901408450704,0
428,2024-06-16,6,606,6,4,1,5,6,Male,0.28301886792452835,0
429,2024-07-09,6,583,6,4,1,6,6,Female,0.2936378466557912,3
430,2024-07-07,2,585,2,2,1,2,2,Male,0.0975609756097561,2
431,2024-07-10,4,582,4,0,1,3,4,Female,0.19607843137254904,2
432,2024-07-11,5,581,5,2,1,4,5,Male,0.2454991816693944,0
433,2024-05-29,4,624,4,1,1,3,3,Male,0.18348623853211007,2
434,2024-05-15,6,638,6,3,1,5,5,Female,0.2694610778443114,0
435,2024-04-24,5,659,5,2,1,3,3,Male,0.21770682148040643,0
436,2024-04-09,7,674,7,4,1,5,5,Female,0.2982954545454546,3
437,2024-06-02,4,620,4,2,1,4,4,Male,0.1846153846153846,0
438,2023-10-15,7,851,7,4,1,5,5,Female,0.2383654937570942,0
439,2024-07-01,6,591,6,1,1,4,4,Female,0.2898550724637681,0
440,2023-06-01,2,987,2,1,1,2,2,Female,0.058997050147492625,1
441,2024-03-06,5,708,5,4,1,4,4,Female,0.2032520325203252,0
442,2024-04-26,5,657,5,2,1,5,5,Male,0.2183406113537118,0
443,2024-06-15,7,607,7,3,1,5,5,Male,0.32967032967032966,3
444,2023-11-26,3,809,3,1,1,2,3,Female,0.10727056019070322,2
445,2024-06-19,9,603,9,7,1,6,6,Female,0.42654028436018954,3
446,2024-05-10,6,643,6,4,1,4,4,Female,0.2674591381872214,0
447,2024-06-09,4,613,4,2,1,4,4,Male,0.18662519440124417,0
448,2024-04-20,2,663,2,1,1,2,2,Male,0.08658008658008658,2
449,2024-07-13,8,579,8,1,1,6,6,Male,0.3940886699507389,3
450,2024-06-28,9,594,9,4,1,7,7,Male,0.43269230769230765,3
451,2024-04-10,7,673,7,3,1,4,5,Female,0.2987197724039829,0
452,2024-07-10,7,582,7,3,1,5,6,Female,0.34313725490196084,3
453,2024-01-04,5,770,5,4,1,3,4,Female,0.1875,0
454,2024-07-12,5,580,5,1,1,3,4,Male,0.24590163934426232,0
455,2024-07-10,7,582,7,5,1,4,5,Male,0.34313725490196084,3
456,2023-08-31,6,896,6,3,1,5,6,Male,0.19438444924406045,0
457,2024-05-14,5,639,5,3,1,4,4,Female,0.22421524663677128,0
458,2024-07-14,3,578,3,1,1,3,3,Female,0.14802631578947367,2
459,2024-06-19,5,603,5,2,1,4,4,Male,0.23696682464454974,0
460,2024-07-14,5,578,5,2,1,4,4,Female,0.2467105263157895,0
461,2024-04-18,2,665,2,2,1,2,2,Male,0.08633093525179855,2
462,2024-07-08,4,584,4,3,1,4,4,Male,0.19543973941368079,0
463,2024-07-08,5,584,5,3,1,5,5,Female,0.24429967426710097,0
464,2024-04-03,2,680,2,2,1,2,2,Male,0.08450704225352113,2
465,2024-07-02,6,590,6,5,1,3,4,Female,0.29032258064516125,0
466,2023-04-20,4,1029,4,2,1,4,4,Male,0.113314447592068,1
467,2024-06-14,5,608,5,2,1,4,4,Female,0.23510971786833856,0
468,2024-06-28,3,594,3,2,1,3,3,Female,0.14423076923076922,2
469,2024-07-03,3,589,3,2,1,3,3,Female,0.14539579967689822,2
470,2024-02-25,2,718,2,1,1,2,2,Male,0.08021390374331551,2
471,2024-06-12,12,610,12,5,1,7,7,Male,0.5625,3
472,2023-06-29,3,959,3,2,1,2,2,Female,0.09100101112234579,1
473,2023-11-11,3,824,3,2,1,3,3,Female,0.1053864168618267,2
474,2024-01-06,4,768,4,1,1,3,4,Male,0.15037593984962405,2
475,2024-07-10,2,582,2,2,1,2,2,Male,0.09803921568627452,2
476,2023-09-11,5,885,5,2,1,5,5,Male,0.1639344262295082,0
477,2024-05-29,5,624,5,3,1,4,4,Female,0.2293577981651376,0
478,2024-06-17,2,605,2,2,1,2,2,Male,0.09448818897637795,2
479,2024-05-18,3,635,3,2,1,3,3,Male,0.13533834586466165,2
480,2024-05-14,7,639,7,4,1,5,5,Female,0.3139013452914798,3
481,2024-07-12,8,580,8,4,1,5,6,Male,0.3934426229508197,3
482,2024-06-23,4,599,4,2,1,3,3,Male,0.1907790143084261,2
483,2024-06-28,9,594,9,4,1,7,8,Male,0.43269230769230765,3
484,2023-02-17,2,1091,2,1,1,2,2,Female,0.05352363960749331,1
485,2024-07-07,9,585,9,6,1,4,5,Female,0.43902439024390244,3
486,2024-03-20,5,694,5,2,1,4,4,Female,0.20718232044198895,0
487,2024-06-26,3,596,3,0,1,3,3,Female,0.1437699680511182,2
488,2024-06-08,6,614,6,4,1,4,4,Female,0.27950310559006214,0
489,2024-03-03,6,711,6,3,1,4,5,Female,0.24291497975708504,0
490,2024-03-31,7,683,7,2,1,4,5,Female,0.29453015427769985,0
491,2024-06-08,4,614,4,2,1,4,4,Male,0.1863354037267081,0
492,2024-06-03,5,619,5,1,1,4,4,Male,0.23112480739599384,0
493,2022-11-21,4,1179,4,3,1,4,4,Female,0.09925558312655088,1
494,2024-05-30,11,623,11,8,1,6,7,Male,0.5053598774885145,3
495,2024-04-04,6,679,6,4,1,5,5,Male,0.25387870239774335,0
496,2024-07-10,3,582,3,3,1,3,3,Female,0.1470588235294118,2
497,2024-07-09,6,583,6,4,1,5,5,Male,0.2936378466557912,0
498,2024-07-14,2,578,2,2,1,2,2,Male,0.09868421052631579,2
499,2024-07-09,9,583,9,2,1,5,7,Male,0.4404567699836868,3
500,2024-06-30,8,592,8,6,1,4,4,Male,0.3858520900321543,3
501,2024-04-11,3,672,3,0,1,3,3,Male,0.1282051282051282,2
502,2024-06-19,3,603,3,1,1,3,3,Female,0.14218009478672985,2
503,2023-03-03,3,1077,3,2,1,3,3,Female,0.08130081300813008,1
504,2024-06-05,8,617,8,2,1,5,6,Female,0.37094281298299847,3
505,2024-05-12,8,641,8,4,1,5,5,Male,0.35767511177347244,3
506,2024-06-22,2,600,2,2,1,2,2,Female,0.09523809523809523,2
507,2024-02-22,4,721,4,2,1,2,3,Male,0.15978695073235685,2
508,2024-06-27,5,595,5,2,1,3,4,Male,0.24,0
509,2024-05-15,8,638,8,6,1,5,6,Male,0.3592814371257485,3
510,2024-02-12,3,731,3,2,1,2,2,Male,0.11826544021024968,2
511,2024-05-18,7,635,7,2,1,4,5,Female,0.3157894736842105,0
512,2024-04-23,3,660,3,3,1,2,3,Female,0.13043478260869565,2
513,2024-01-14,1,760,1,1,1,1,1,Male,0.0379746835443038,2
514,2023-12-14,7,791,7,3,1,4,5,Female,0.2557856272838002,0
515,2024-05-16,7,637,7,4,1,4,4,Male,0.31484257871064464,0
516,2024-06-04,5,618,5,3,1,4,4,Female,0.23148148148148145,0
517,2024-07-13,9,579,9,4,1,5,6,Female,0.44334975369458124,3
518,2024-07-04,3,588,3,2,1,3,3,Male,0.14563106796116504,2
519,2024-04-25,5,658,5,2,1,3,4,Female,0.2180232558139535,0
520,2024-03-02,8,712,8,6,1,5,5,Male,0.32345013477088946,3
521,2024-04-15,2,668,2,1,1,2,2,Female,0.08595988538681949,2
522,2021-12-02,1,1533,1,1,1,1,1,Male,0.019193857965451054,1
523,2024-06-18,5,604,5,2,1,3,3,Male,0.23659305993690855,0
524,2024-06-26,2,596,2,1,1,2,2,Female,0.09584664536741214,2
525,2024-05-06,5,647,5,3,1,3,4,Female,0.22156573116691283,0
526,2023-12-16,7,789,7,1,1,6,6,Male,0.25641025641025644,0
527,2024-07-03,1,589,1,0,1,1,1,Female,0.048465266558966075,2
528,2023-09-14,6,882,6,3,1,4,4,Female,0.19736842105263158,0
529,2024-06-22,6,600,6,5,1,4,5,Male,0.2857142857142857,0
530,2024-02-18,5,725,5,2,1,3,3,Male,0.19867549668874168,0
531,2024-06-21,2,601,2,1,1,2,2,Female,0.09508716323296354,2
532,2023-11-30,6,805,6,2,1,6,6,Male,0.21556886227544908,0
533,2024-06-11,8,611,8,6,1,7,7,Male,0.374414976599064,3
534,2024-07-14,3,578,3,0,1,3,3,Male,0.14802631578947367,2
535,2022-12-05,2,1165,2,1,1,1,1,Female,0.0502092050209205,1
536,2024-05-29,6,624,6,2,1,5,5,Female,0.2752293577981651,0
537,2024-04-13,7,670,7,3,1,6,7,Male,0.3,3
538,2024-07-10,2,582,2,1,1,2,2,Female,0.09803921568627452,2
539,2024-06-25,2,597,2,2,1,2,2,Male,0.09569377990430622,2
540,2024-04-26,10,657,10,3,1,5,6,Female,0.4366812227074236,3
541,2024-07-12,5,580,5,2,1,5,5,Male,0.24590163934426232,0
542,2024-06-30,7,592,7,4,1,6,6,Male,0.337620578778135,3
543,2024-06-30,3,592,3,2,1,3,3,Female,0.14469453376205788,2
544,2024-07-12,6,580,6,3,1,3,4,Male,0.2950819672131148,0
546,2023-05-31,3,988,3,1,1,3,3,Female,0.08840864440078587,1
547,2024-04-16,5,667,5,4,1,3,4,Male,0.21520803443328548,0
548,2024-07-06,4,586,4,2,1,3,4,Male,0.1948051948051948,0
549,2024-04-17,8,666,8,4,1,3,3,Female,0.3448275862068966,0
550,2024-05-28,7,625,7,2,1,6,6,Male,0.32061068702290074,3
551,2024-05-08,5,645,5,2,1,4,4,Male,0.22222222222222224,0
552,2024-02-29,5,714,5,0,1,4,5,Male,0.20161290322580644,0
553,2024-06-15,5,607,5,2,1,3,4,Male,0.23547880690737832,0
554,2023-09-10,7,886,7,3,1,5,7,Male,0.2292576419213974,0
555,2024-05-27,3,626,3,1,1,2,2,Female,0.13719512195121952,2
556,2024-05-04,4,649,4,1,1,3,4,Female,0.17673048600883653,2
557,2024-06-07,5,615,5,1,1,3,4,Male,0.23255813953488372,0
558,2023-12-13,7,792,7,3,1,4,5,Male,0.25547445255474455,0
559,2024-07-03,9,589,9,8,1,4,5,Male,0.4361873990306947,3
560,2023-09-05,8,891,8,2,1,6,6,Female,0.26058631921824105,3
561,2024-06-25,8,597,8,3,1,5,5,Male,0.3827751196172249,3
562,2024-07-06,5,586,5,2,1,4,4,Female,0.24350649350649348,0
563,2024-06-22,7,600,7,4,1,6,6,Female,0.3333333333333333,3
564,2024-05-16,6,637,6,5,1,5,5,Female,0.2698650674662668,0
565,2024-01-05,4,769,4,3,1,4,4,Male,0.15018773466833543,0
566,2024-04-21,5,662,5,2,1,4,4,Female,0.21676300578034682,0
567,2024-07-14,6,578,6,4,1,4,4,Male,0.29605263157894735,0
568,2023-11-21,5,814,5,4,1,3,4,Female,0.17772511848341233,0
569,2024-05-22,4,631,4,3,1,2,3,Male,0.1815431164901664,2
570,2024-04-15,5,668,5,3,1,4,4,Female,0.21489971346704873,0
571,2024-04-03,10,680,10,4,1,5,6,Male,0.4225352112676056,3
572,2023-07-06,3,952,3,0,1,3,3,Female,0.09164969450101833,1
573,2024-07-01,11,591,11,6,1,5,7,Male,0.5314009661835749,3
574,2024-07-10,8,582,8,5,1,5,7,Male,0.3921568627450981,3
575,2024-06-15,7,607,7,2,1,4,5,Male,0.32967032967032966,0
576,2023-11-14,4,821,4,2,1,4,4,Male,0.1410105757931845,0
577,2024-07-10,2,582,2,1,1,2,2,Female,0.09803921568627452,2
578,2024-07-07,4,585,4,2,1,3,3,Female,0.1951219512195122,2
579,2024-03-05,5,709,5,2,1,3,4,Male,0.2029769959404601,0
580,2024-06-26,6,596,6,2,1,5,5,Female,0.2875399361022364,0
581,2024-02-17,5,726,5,2,1,3,4,Male,0.1984126984126984,0
582,2023-01-16,6,1123,6,1,1,4,4,Male,0.1561144839549003,1
583,2024-06-27,5,595,5,2,1,5,5,Female,0.24,0
584,2024-07-13,7,579,7,3,1,5,6,Male,0.3448275862068965,3
585,2023-07-12,3,946,3,2,1,2,3,Male,0.09221311475409837,1
586,2024-07-02,5,590,5,3,1,5,5,Female,0.24193548387096775,0
587,2024-04-19,3,664,3,1,1,2,2,Male,0.12968299711815562,2
588,2024-06-06,7,616,7,5,1,5,5,Male,0.32507739938080493,3
589,2024-07-11,4,581,4,2,1,2,2,Male,0.19639934533551553,2
590,2023-05-02,4,1017,4,2,1,4,4,Male,0.11461318051575932,1
591,2024-06-06,4,616,4,2,1,4,4,Female,0.18575851393188852,0
592,2024-06-12,2,610,2,1,1,2,2,Female,0.09375,2
593,2024-07-02,4,590,4,0,1,3,3,Female,0.1935483870967742,2
594,2024-05-02,6,651,6,2,1,6,6,Male,0.2643171806167401,0
595,2024-05-08,3,645,3,0,1,2,2,Male,0.13333333333333333,2
596,2024-01-16,8,758,8,1,1,5,5,Female,0.30456852791878175,0
597,2024-07-06,3,586,3,2,1,3,3,Male,0.1461038961038961,2
598,2024-05-18,9,635,9,2,1,5,6,Male,0.40601503759398494,3
599,2024-07-01,3,591,3,1,1,2,2,Male,0.14492753623188406,2
600,2022-09-30,1,1231,1,0,1,1,1,Male,0.02379064234734338,1
601,2024-07-03,5,589,5,2,1,4,4,Female,0.24232633279483037,0
602,2024-07-04,9,588,9,3,1,5,5,Female,0.4368932038834951,3
603,2024-02-16,4,727,4,2,1,4,4,Female,0.15852047556142668,0
604,2024-01-04,4,770,4,3,1,4,4,Male,0.15,0
605,2024-07-11,6,581,6,0,1,4,5,Female,0.2945990180032733,0
606,2024-05-20,8,633,8,3,1,5,5,Female,0.36199095022624433,3
607,2024-06-18,3,604,3,1,1,3,3,Male,0.14195583596214512,2
608,2024-07-11,6,581,6,2,1,4,4,Male,0.2945990180032733,0
609,2024-03-08,2,706,2,2,1,2,2,Female,0.08152173913043478,2
610,2024-06-24,5,598,5,2,1,4,5,Female,0.23885350318471335,0
611,2024-04-01,5,682,5,3,1,3,4,Female,0.21067415730337077,0
612,2024-06-29,6,593,6,3,1,4,4,Female,0.28892455858747995,0
613,2024-03-25,6,689,6,3,1,5,6,Male,0.25034770514603616,0
614,2024-05-29,6,624,6,3,1,6,6,Female,0.2752293577981651,0
615,2024-06-28,5,594,5,3,1,5,5,Female,0.24038461538461536,0
616,2024-03-29,4,685,4,3,1,3,4,Male,0.16783216783216784,0
617,2024-06-02,2,620,2,2,1,2,2,Female,0.0923076923076923,2
618,2024-07-08,5,584,5,1,1,4,4,Male,0.24429967426710097,0
619,2024-06-16,9,606,9,4,1,4,5,Male,0.42452830188679247,3
620,2024-06-27,7,595,7,5,1,5,5,Male,0.336,3
621,2024-06-07,5,615,5,2,1,5,5,Female,0.23255813953488372,0
622,2024-02-03,6,740,6,1,1,5,5,Female,0.23376623376623376,0
623,2024-06-09,4,613,4,2,1,3,4,Male,0.18662519440124417,0
624,2024-05-24,4,629,4,2,1,3,3,Female,0.1820940819423369,2
625,2023-10-03,5,863,5,1,1,5,5,Female,0.167973124300112,0
626,2023-10-22,5,844,5,2,1,4,5,Male,0.17162471395881007,0
627,2024-01-17,1,757,1,1,1,1,1,Male,0.03811944091486658,2
628,2024-06-13,10,609,10,6,1,7,8,Female,0.4694835680751174,3
629,2024-07-08,7,584,7,2,1,6,6,Male,0.34201954397394135,3
630,2024-02-03,8,740,8,3,1,5,5,Female,0.3116883116883117,3
631,2024-04-30,7,653,7,5,1,5,5,Female,0.3074670571010249,3
632,2024-07-13,6,579,6,4,1,5,5,Female,0.29556650246305416,0
633,2024-05-18,6,635,6,3,1,4,4,Female,0.2706766917293233,0
634,2023-05-12,2,1007,2,1,1,2,2,Male,0.057859209257473475,1
635,2022-06-06,2,1347,2,0,1,1,1,Male,0.04357298474945534,1
636,2024-03-26,2,688,2,0,1,2,2,Male,0.08356545961002786,2
637,2024-07-06,7,586,7,4,1,6,6,Male,0.3409090909090909,3
638,2024-06-29,8,593,8,4,1,6,7,Female,0.3852327447833066,3
639,2024-06-04,5,618,5,4,1,3,3,Female,0.23148148148148145,0
640,2024-06-05,4,617,4,1,1,4,4,Male,0.18547140649149924,0
641,2024-01-14,2,760,2,2,1,2,2,Female,0.0759493670886076,2
642,2024-06-29,4,593,4,2,1,3,3,Female,0.1926163723916533,2
643,2024-04-21,4,662,4,1,1,4,4,Female,0.17341040462427745,0
644,2024-05-27,5,626,5,1,1,4,4,Male,0.22865853658536583,0
645,2024-07-04,7,588,7,4,1,4,5,Male,0.33980582524271846,3
646,2023-11-23,4,812,4,3,1,3,4,Male,0.14251781472684086,0
647,2023-11-18,3,817,3,3,1,1,2,Female,0.10625737898465171,2
648,2024-07-09,8,583,8,2,1,4,6,Male,0.3915171288743883,3
649,2024-03-17,4,697,4,1,1,4,4,Male,0.16506189821182943,0
650,2024-06-30,10,592,10,5,1,4,5,Male,0.4823151125401929,3
651,2024-06-29,6,593,6,5,1,5,6,Male,0.28892455858747995,3
652,2024-05-19,3,634,3,3,1,3,3,Male,0.1355421686746988,2
653,2024-06-03,6,619,6,3,1,4,4,Male,0.2773497688751926,0
654,2023-12-09,6,796,6,5,1,4,4,Female,0.2179176755447942,0
655,2024-06-15,8,607,8,5,1,5,7,Female,0.3767660910518053,3
656,2024-06-06,3,616,3,1,1,3,3,Male,0.1393188854489164,2
657,2024-06-21,5,601,5,3,1,4,4,Male,0.23771790808240884,0
658,2024-05-21,8,632,8,5,1,4,5,Female,0.36253776435045315,3
659,2024-06-08,8,614,8,5,1,6,6,Female,0.3726708074534162,3
660,2024-06-29,6,593,6,2,1,4,4,Male,0.28892455858747995,0
661,2024-05-25,10,628,10,4,1,4,4,Male,0.45592705167173253,3
662,2024-07-13,10,579,10,5,1,5,6,Male,0.4926108374384236,3
663,2024-07-13,4,579,4,3,1,4,4,Male,0.19704433497536944,0
664,2024-07-01,8,591,8,6,1,4,5,Female,0.3864734299516908,3
665,2024-05-22,6,631,6,2,1,4,4,Male,0.2723146747352496,0
666,2024-07-07,5,585,5,3,1,3,3,Male,0.24390243902439024,0
667,2023-02-11,3,1097,3,1,1,2,3,Male,0.07985803016858917,1
668,2024-07-13,5,579,5,4,1,4,4,Male,0.2463054187192118,0
669,2024-07-12,6,580,6,2,1,3,4,Female,0.2950819672131148,0
670,2024-03-29,9,685,9,4,1,6,7,Female,0.37762237762237766,3
671,2021-10-02,1,1594,1,1,1,1,1,Female,0.01847290640394089,1
672,2024-07-14,7,578,7,5,1,4,5,Male,0.34539473684210525,3
673,2024-07-14,4,578,4,3,1,2,2,Male,0.19736842105263158,2
674,2024-06-28,6,594,6,3,1,4,4,Female,0.28846153846153844,0
675,2024-05-17,8,636,8,6,1,6,6,Male,0.3603603603603604,3
676,2024-06-20,7,602,7,3,1,3,4,Male,0.3322784810126582,0
677,2024-05-30,3,623,3,2,1,2,2,Female,0.13782542113323124,2
678,2024-03-16,5,698,5,3,1,3,4,Female,0.20604395604395603,0
679,2023-09-25,6,871,6,3,1,5,5,Female,0.19977802441731407,0
680,2024-06-04,4,618,4,1,1,3,3,Female,0.18518518518518517,2
681,2024-07-05,7,587,7,1,1,4,4,Male,0.34035656401944897,0
682,2023-10-23,3,843,3,2,1,2,3,Male,0.10309278350515463,2
683,2024-07-04,5,588,5,3,1,4,4,Female,0.24271844660194175,0
684,2024-03-30,1,684,1,0,1,1,1,Male,0.04201680672268907,2
685,2024-02-12,7,731,7,3,1,4,4,Female,0.2759526938239159,0
686,2024-06-09,5,613,5,1,1,3,3,Female,0.2332814930015552,0
687,2024-06-23,8,599,8,5,1,5,5,Male,0.3815580286168522,3
688,2024-02-27,7,716,7,3,1,3,3,Female,0.2815013404825737,0
689,2024-06-25,4,597,4,2,1,4,4,Male,0.19138755980861244,0
690,2024-06-05,5,617,5,3,1,4,4,Male,0.23183925811437406,0
691,2024-07-13,5,579,5,2,1,5,5,Male,0.2463054187192118,0
692,2024-05-27,2,626,2,2,1,2,2,Male,0.09146341463414634,2
693,2024-06-24,9,598,9,4,1,6,8,Female,0.42993630573248404,3
694,2023-08-17,6,910,6,3,1,4,5,Male,0.1914893617021277,0
695,2024-06-05,5,617,5,4,1,3,3,Female,0.23183925811437406,0
696,2024-07-08,6,584,6,5,1,4,5,Female,0.2931596091205212,0
698,2024-01-05,6,769,6,3,1,5,5,Female,0.22528160200250313,0
699,2024-07-14,6,578,6,5,1,5,5,Male,0.29605263157894735,3
700,2024-04-16,7,667,7,3,1,5,5,Male,0.3012912482065997,0
701,2024-06-25,6,597,6,5,1,4,5,Female,0.28708133971291866,0
702,2024-06-23,6,599,6,3,1,4,4,Female,0.28616852146263916,0
703,2024-07-10,5,582,5,2,1,4,4,Male,0.2450980392156863,0
704,2024-06-10,8,612,8,3,1,4,4,Female,0.3738317757009346,3
707,2024-03-15,2,699,2,1,1,2,2,Male,0.0823045267489712,2
708,2024-07-06,6,586,6,3,1,3,3,Female,0.2922077922077922,0
709,2024-06-24,5,598,5,3,1,3,4,Female,0.23885350318471335,0
710,2024-02-29,3,714,3,3,1,2,2,Male,0.12096774193548387,2
711,2024-05-26,1,627,1,0,1,1,1,Female,0.04566210045662101,2
712,2023-10-18,4,848,4,3,1,4,4,Female,0.1366742596810934,0
713,2024-03-19,4,695,4,2,1,4,4,Male,0.16551724137931034,0
714,2024-03-03,5,711,5,1,1,5,5,Female,0.20242914979757085,0
715,2024-06-30,5,592,5,2,1,5,5,Male,0.24115755627009644,0
716,2024-04-28,4,655,4,1,1,3,3,Male,0.17518248175182483,2
717,2023-05-14,2,1005,2,2,1,2,2,Female,0.057971014492753624,1
718,2023-03-05,3,1075,3,2,1,3,3,Female,0.08144796380090497,1
719,2024-03-10,3,704,3,3,1,2,2,Female,0.1226158038147139,2
720,2023-09-08,8,888,8,5,1,6,7,Female,0.26143790849673204,3
721,2024-06-09,6,613,6,0,1,5,5,Female,0.27993779160186627,0
722,2024-06-06,3,616,3,1,1,3,3,Female,0.1393188854489164,2
723,2024-03-17,2,697,2,1,1,2,2,Female,0.08253094910591471,2
724,2022-06-04,1,1349,1,1,1,1,1,Male,0.02175489485134155,1
725,2024-05-01,8,652,8,4,1,3,4,Female,0.3519061583577712,3
726,2024-07-14,13,578,13,6,1,8,9,Male,0.6414473684210527,3
727,2024-04-13,4,670,4,3,1,3,3,Female,0.17142857142857143,2
728,2024-05-15,7,638,7,3,1,4,4,Female,0.3143712574850299,0
729,2024-07-14,4,578,4,2,1,3,3,Male,0.19736842105263158,2
730,2024-03-21,3,693,3,1,1,2,3,Female,0.12448132780082988,2
731,2024-07-07,6,585,6,4,1,2,3,Female,0.29268292682926833,0
732,2024-07-09,4,583,4,3,1,4,4,Male,0.19575856443719414,0
733,2024-05-11,7,642,7,3,1,3,4,Female,0.3125,0
734,2024-07-14,6,578,6,4,1,4,4,Female,0.29605263157894735,0
735,2024-02-13,4,730,4,4,1,3,3,Female,0.15789473684210528,0
736,2024-07-12,7,580,7,4,1,6,6,Male,0.34426229508196726,3
737,2024-06-25,5,597,5,3,1,3,3,Female,0.23923444976076555,0
738,2023-02-05,3,1103,3,1,1,3,3,Female,0.0794351279788173,1
739,2024-05-18,3,635,3,2,1,3,3,Female,0.13533834586466165,2
740,2023-12-26,6,779,6,2,1,5,5,Female,0.2224969097651422,0
741,2024-01-18,4,756,4,1,1,3,3,Male,0.15267175572519084,2
742,2024-05-18,4,635,4,3,1,3,4,Male,0.18045112781954886,0
743,2024-04-27,4,656,4,3,1,4,4,Female,0.1749271137026239,0
744,2024-05-20,6,633,6,4,1,5,5,Female,0.27149321266968324,0
745,2024-07-03,4,589,4,2,1,4,4,Male,0.1938610662358643,0
746,2024-02-27,4,716,4,3,1,4,4,Male,0.16085790884718498,0
747,2023-05-12,1,1007,1,1,1,1,1,Female,0.028929604628736737,1
748,2022-12-22,1,1148,1,0,1,1,1,Male,0.025466893039049237,1
749,2024-06-23,6,599,6,4,1,4,4,Female,0.28616852146263916,0
750,2023-12-28,2,777,2,1,1,2,2,Male,0.07434944237918216,2
751,2024-06-19,8,603,8,4,1,5,5,Male,0.3791469194312796,3
752,2024-02-11,4,732,4,2,1,3,3,Male,0.15748031496062992,2
753,2024-04-01,8,682,8,5,1,5,5,Male,0.33707865168539325,3
754,2024-05-01,6,652,6,2,1,5,5,Female,0.26392961876832843,0
755,2022-12-17,4,1153,4,2,1,3,3,Male,0.1014370245139476,1
756,2024-07-08,2,584,2,0,1,2,2,Male,0.09771986970684039,2
757,2024-06-29,6,593,6,3,1,5,6,Female,0.28892455858747995,0
758,2024-04-01,9,682,9,3,1,6,7,Male,0.3792134831460674,3
759,2023-10-10,3,856,3,3,1,3,3,Male,0.10158013544018057,2
760,2024-02-10,6,733,6,2,1,5,5,Female,0.235910878112713,0
761,2024-06-21,6,601,6,4,1,5,5,Male,0.28526148969889065,0
762,2024-05-14,4,639,4,1,1,3,3,Female,0.17937219730941703,2
763,2024-05-03,5,650,5,4,1,4,5,Female,0.22058823529411764,0
764,2024-06-08,5,614,5,3,1,3,4,Female,0.23291925465838512,0
765,2024-03-18,2,696,2,1,1,2,2,Female,0.08264462809917356,2
766,2024-04-13,2,670,2,1,1,2,2,Male,0.08571428571428572,2
767,2024-04-14,4,669,4,2,1,4,4,Female,0.17167381974248927,0
768,2024-07-07,8,585,8,1,1,4,5,Male,0.3902439024390244,3
769,2023-11-13,3,822,3,2,1,3,3,Male,0.1056338028169014,2
770,2024-07-08,8,584,8,4,1,5,6,Male,0.39087947882736157,3
771,2023-12-20,4,785,4,3,1,4,4,Male,0.14723926380368096,0
772,2023-11-30,6,805,6,4,1,4,4,Male,0.21556886227544908,0
773,2024-06-20,1,602,1,1,1,1,1,Male,0.04746835443037975,2
774,2024-07-12,3,580,3,0,1,2,2,Male,0.1475409836065574,2
775,2024-03-30,2,684,2,0,1,2,2,Male,0.08403361344537814,2
776,2024-05-03,12,650,12,4,1,6,7,Male,0.5294117647058822,3
777,2024-06-29,3,593,3,0,1,3,3,Male,0.14446227929373998,2
778,2024-06-15,5,607,5,2,1,4,4,Female,0.23547880690737832,0
779,2024-05-18,5,635,5,3,1,3,3,Female,0.22556390977443608,0
780,2024-07-09,5,583,5,4,1,4,4,Female,0.2446982055464927,0
781,2023-11-21,9,814,9,6,1,5,6,Male,0.31990521327014215,3
782,2024-01-14,2,760,2,1,1,2,2,Female,0.0759493670886076,2
783,2024-04-03,11,680,11,6,1,7,8,Female,0.4647887323943662,3
784,2024-05-21,3,632,3,0,1,2,3,Female,0.13595166163141992,2
785,2024-06-27,7,595,7,5,1,5,5,Male,0.336,3
786,2024-02-17,2,726,2,1,1,1,1,Male,0.07936507936507936,2
787,2024-01-25,6,749,6,2,1,4,4,Male,0.23106546854942234,0
788,2024-03-26,2,688,2,0,1,1,2,Male,0.08356545961002786,2
789,2024-02-20,5,723,5,4,1,4,5,Female,0.199203187250996,0
790,2024-03-19,6,695,6,1,1,5,6,Female,0.2482758620689655,0
791,2023-09-29,4,867,4,3,1,3,4,Female,0.13377926421404682,0
792,2024-05-29,5,624,5,3,1,5,5,Female,0.2293577981651376,0
793,2024-07-04,5,588,5,2,1,4,4,Male,0.24271844660194175,0
794,2024-07-04,8,588,8,3,1,6,6,Male,0.3883495145631068,3
795,2024-07-04,4,588,4,2,1,3,3,Male,0.1941747572815534,2
796,2024-06-16,4,606,4,2,1,4,4,Female,0.18867924528301888,0
797,2024-02-19,6,724,6,2,1,5,5,Male,0.23872679045092837,0
798,2023-08-05,2,922,2,0,1,2,2,Male,0.06302521008403361,1
799,2024-06-25,3,597,3,0,1,2,2,Female,0.14354066985645933,2
800,2024-05-26,7,627,7,6,1,3,4,Female,0.31963470319634707,3
801,2024-02-14,2,729,2,2,1,1,2,Male,0.07905138339920949,2
802,2024-04-09,8,674,8,8,1,4,5,Male,0.34090909090909094,3
803,2024-03-21,7,693,7,5,1,4,4,Male,0.2904564315352697,0
804,2024-05-28,7,625,7,4,1,3,4,Male,0.32061068702290074,0
805,2024-01-27,6,747,6,4,1,4,5,Male,0.23166023166023164,0
806,2024-06-30,4,592,4,1,1,4,4,Male,0.19292604501607716,0
807,2024-06-27,6,595,6,4,1,4,4,Female,0.28800000000000003,0
808,2024-06-23,3,599,3,1,1,2,3,Female,0.14308426073131958,2
809,2023-07-07,1,951,1,0,1,1,1,Female,0.030581039755351678,1
810,2024-05-02,3,651,3,2,1,2,2,Male,0.13215859030837004,2
811,2024-02-07,3,736,3,0,1,2,2,Female,0.11749347258485637,2
812,2024-03-10,3,704,3,3,1,3,3,Male,0.1226158038147139,2
813,2024-07-09,4,583,4,2,1,4,4,Male,0.19575856443719414,0
814,2024-05-20,5,633,5,0,1,5,5,Female,0.22624434389140272,0
815,2023-12-03,5,802,5,3,1,4,4,Male,0.1802884615384615,0
816,2023-05-18,2,1001,2,2,1,2,2,Male,0.058195926285160036,1
817,2024-06-27,8,595,8,4,1,6,6,Female,0.384,3
818,2023-08-17,2,910,2,0,1,2,2,Female,0.06382978723404256,1
819,2024-07-01,5,591,5,0,1,3,4,Female,0.24154589371980675,0
820,2024-07-12,6,580,6,4,1,5,5,Male,0.2950819672131148,0
821,2023-04-21,4,1028,4,3,1,3,4,Female,0.11342155009451796,1
822,2024-07-14,14,578,14,8,1,7,8,Female,0.6907894736842105,3
823,2024-04-25,2,658,2,1,1,2,2,Male,0.0872093023255814,2
824,2024-03-11,6,703,6,4,1,2,3,Female,0.24556616643929058,0
825,2024-06-13,11,609,11,4,1,6,8,Female,0.5164319248826291,3
826,2024-06-15,6,607,6,2,1,5,6,Female,0.28257456828885397,0
827,2024-06-10,3,612,3,2,1,3,3,Male,0.14018691588785048,2
828,2024-07-06,9,586,9,5,1,5,6,Male,0.43831168831168826,3
829,2024-07-14,2,578,2,1,1,2,2,Male,0.09868421052631579,2
830,2024-07-12,6,580,6,5,1,4,5,Male,0.2950819672131148,0
831,2024-07-09,4,583,4,0,1,3,3,Female,0.19575856443719414,2
832,2024-06-19,7,603,7,3,1,4,5,Male,0.33175355450236965,0
833,2024-04-03,12,680,12,7,1,5,6,Male,0.5070422535211268,3
834,2024-03-28,4,686,4,2,1,3,3,Female,0.16759776536312848,2
835,2024-06-10,7,612,7,4,1,5,5,Female,0.3271028037383178,3
836,2024-05-09,6,644,6,0,1,3,4,Female,0.26706231454005935,0
837,2024-06-06,8,616,8,5,1,5,6,Male,0.37151702786377705,3
838,2024-06-13,4,609,4,2,1,4,4,Male,0.18779342723004694,0
839,2024-05-03,1,650,1,1,1,1,1,Male,0.044117647058823525,2
840,2024-06-17,6,605,6,4,1,4,6,Female,0.28346456692913385,0
841,2024-02-06,1,737,1,0,1,1,1,Female,0.03911342894393742,2
842,2023-06-10,4,978,4,2,1,3,4,Male,0.11904761904761904,1
843,2024-05-12,4,641,4,4,1,3,3,Female,0.17883755588673622,0
844,2023-08-28,5,899,5,2,1,4,4,Female,0.16146393972012918,0
845,2024-02-16,5,727,5,4,1,4,4,Female,0.19815059445178335,0
846,2024-05-21,4,632,4,2,1,4,4,Male,0.18126888217522658,0
847,2024-03-27,2,687,2,1,1,2,2,Female,0.08368200836820085,2
848,2024-05-23,5,630,5,3,1,4,5,Female,0.2272727272727273,0
849,2024-07-13,8,579,8,4,1,5,6,Male,0.3940886699507389,3
850,2024-06-29,6,593,6,4,1,4,5,Male,0.28892455858747995,0
851,2024-01-30,6,744,6,3,1,5,5,Female,0.23255813953488372,0
852,2024-07-01,7,591,7,3,1,7,7,Female,0.33816425120772947,3
853,2024-07-10,6,582,6,3,1,4,5,Male,0.2941176470588236,0
854,2023-12-26,3,779,3,1,1,3,3,Male,0.1112484548825711,2
855,2024-05-20,5,633,5,2,1,4,4,Female,0.22624434389140272,0
856,2024-06-23,7,599,7,5,1,5,5,Female,0.33386327503974567,3
857,2024-07-10,6,582,6,6,1,4,4,Female,0.2941176470588236,0
858,2024-03-06,6,708,6,2,1,5,6,Female,0.24390243902439024,0
859,2024-03-13,7,701,7,6,1,3,3,Male,0.28727770177838574,0
860,2024-07-03,3,589,3,2,1,3,3,Female,0.14539579967689822,2
861,2024-03-05,4,709,4,2,1,4,4,Female,0.16238159675236807,0
862,2024-07-10,5,582,5,2,1,4,4,Male,0.2450980392156863,0
863,2024-05-26,4,627,4,1,1,2,3,Female,0.18264840182648404,2
864,2024-02-27,5,716,5,2,1,3,3,Male,0.20107238605898123,0
865,2023-02-09,2,1099,2,1,1,1,1,Female,0.053144375553587246,1
866,2024-05-23,6,630,6,3,1,5,6,Female,0.2727272727272727,0
867,2024-06-12,5,610,5,2,1,5,5,Male,0.234375,0
868,2023-10-08,4,858,4,2,1,3,3,Male,0.13513513513513511,2
869,2024-07-10,6,582,6,4,1,3,4,Female,0.2941176470588236,0
870,2024-06-01,3,621,3,1,1,3,3,Female,0.1382488479262673,2
871,2024-05-23,5,630,5,2,1,4,4,Female,0.2272727272727273,0
872,2024-07-11,6,581,6,3,1,2,3,Male,0.2945990180032733,0
873,2024-06-06,5,616,5,4,1,4,4,Female,0.23219814241486064,0
874,2023-08-21,2,906,2,1,1,2,2,Male,0.06410256410256411,1
875,2024-02-09,4,734,4,2,1,2,2,Male,0.15706806282722513,2
876,2024-05-05,7,648,7,4,1,5,5,Female,0.30973451327433627,3
877,2024-06-23,6,599,6,4,1,4,4,Male,0.28616852146263916,0
878,2024-07-01,4,591,4,3,1,3,3,Female,0.1932367149758454,0
880,2024-02-09,4,734,4,3,1,4,4,Female,0.15706806282722513,0
881,2024-07-13,10,579,10,6,1,4,6,Female,0.4926108374384236,3
882,2024-04-09,3,674,3,2,1,2,2,Female,0.12784090909090912,2
883,2024-03-10,6,704,6,1,1,5,5,Male,0.2452316076294278,0
884,2024-06-23,5,599,5,4,1,4,4,Male,0.2384737678855326,0
885,2024-03-29,1,685,1,1,1,1,1,Female,0.04195804195804196,2
886,2023-09-11,5,885,5,1,1,4,4,Female,0.1639344262295082,0
887,2024-06-23,6,599,6,3,1,4,4,Male,0.28616852146263916,0
888,2024-07-05,8,587,8,5,1,7,7,Male,0.3889789303079417,3
889,2024-07-12,4,580,4,2,1,3,3,Male,0.19672131147540986,2
890,2024-04-25,6,658,6,1,1,5,5,Male,0.2616279069767442,0
891,2023-12-04,9,801,9,5,1,6,7,Female,0.3249097472924188,3
892,2024-01-16,5,758,5,1,1,5,5,Female,0.1903553299492386,0
893,2023-11-12,5,823,5,2,1,5,5,Male,0.17584994138335286,0
894,2023-08-25,1,902,1,0,1,1,1,Female,0.032188841201716736,1
895,2024-03-25,5,689,5,3,1,3,4,Male,0.20862308762169682,0
896,2024-04-27,3,656,3,1,1,3,3,Female,0.13119533527696792,2
897,2024-01-06,6,768,6,5,1,4,5,Male,0.22556390977443608,0
898,2024-07-01,2,591,2,1,1,2,2,Female,0.0966183574879227,2
899,2024-07-07,9,585,9,5,1,5,6,Male,0.43902439024390244,3
900,2024-06-15,5,607,5,0,1,4,4,Male,0.23547880690737832,0
901,2023-12-24,6,781,6,3,1,3,4,Female,0.22194821208384707,0
902,2024-05-01,6,652,6,5,1,4,5,Male,0.26392961876832843,0
903,2024-06-27,5,595,5,2,1,4,4,Female,0.24,0
904,2024-07-06,5,586,5,2,1,4,5,Female,0.24350649350649348,0
905,2024-05-30,6,623,6,2,1,5,5,Male,0.27565084226646247,0
906,2024-07-10,6,582,6,4,1,5,5,Female,0.2941176470588236,0
907,2024-05-03,4,650,4,1,1,4,4,Female,0.1764705882352941,0
908,2023-07-29,2,929,2,0,1,2,2,Female,0.06256517205422316,1
909,2024-07-14,7,578,7,5,1,4,5,Female,0.34539473684210525,3
910,2023-09-22,2,874,2,1,1,2,2,Female,0.06637168141592921,1
911,2024-05-01,7,652,7,2,1,5,6,Male,0.3079178885630498,0
912,2024-06-03,7,619,7,3,1,4,5,Female,0.3235747303543914,0
913,2024-04-26,7,657,7,3,1,6,6,Female,0.30567685589519655,3
914,2024-01-11,5,763,5,2,1,5,5,Female,0.18915510718789408,0
915,2024-05-31,10,622,10,5,1,6,6,Female,0.4601226993865031,3
916,2024-05-25,4,628,4,1,1,3,3,Female,0.182370820668693,2
917,2024-07-02,11,590,11,2,1,5,6,Male,0.532258064516129,3
918,2024-04-21,3,662,3,1,1,3,3,Female,0.13005780346820808,2
919,2024-05-02,4,651,4,2,1,2,3,Male,0.1762114537444934,2
920,2024-04-19,8,664,8,4,1,3,4,Male,0.345821325648415,3
921,2024-04-24,7,659,7,4,1,5,5,Male,0.30478955007256897,3
922,2023-06-27,2,961,2,2,1,2,2,Male,0.06054490413723512,1
923,2023-12-18,8,787,8,6,1,5,6,Female,0.2937576499388005,3
924,2024-04-29,6,654,6,6,1,5,5,Male,0.2631578947368421,3
925,2024-07-04,10,588,10,5,1,5,5,Male,0.4854368932038835,3
926,2024-02-04,5,739,5,3,1,4,4,Female,0.1950585175552666,0
927,2024-06-19,5,603,5,3,1,4,4,Female,0.23696682464454974,0
928,2024-04-20,5,663,5,3,1,4,4,Female,0.21645021645021645,0
929,2024-04-23,8,660,8,5,1,5,5,Male,0.34782608695652173,3
930,2024-07-06,7,586,7,4,1,5,6,Female,0.3409090909090909,3
931,2024-07-08,4,584,4,3,1,3,4,Female,0.19543973941368079,0
932,2024-07-14,5,578,5,2,1,3,3,Male,0.2467105263157895,0
933,2024-07-14,6,578,6,2,1,5,6,Female,0.29605263157894735,0
934,2024-06-16,6,606,6,2,1,5,6,Female,0.28301886792452835,0
935,2024-04-19,5,664,5,3,1,5,5,Female,0.21613832853025938,0
936,2024-06-26,10,596,10,5,1,5,5,Female,0.4792332268370607,3
937,2024-04-14,10,669,10,4,1,6,7,Male,0.4291845493562232,3
938,2024-03-08,9,706,9,8,1,4,6,Female,0.36684782608695654,3
939,2024-07-11,3,581,3,2,1,3,3,Female,0.14729950900163666,2
940,2024-06-10,9,612,9,2,1,5,5,Male,0.42056074766355145,3
941,2023-05-14,3,1005,3,3,1,2,2,Female,0.08695652173913043,1
942,2024-06-10,6,612,6,2,1,4,5,Male,0.28037383177570097,0
943,2024-07-06,6,586,6,0,1,5,5,Female,0.2922077922077922,0
944,2024-05-10,8,643,8,6,1,4,4,Male,0.35661218424962854,3
945,2024-06-08,9,614,9,4,1,7,7,Male,0.41925465838509324,3
946,2024-06-12,8,610,8,2,1,5,5,Male,0.375,3
947,2024-06-30,8,592,8,3,1,5,6,Male,0.3858520900321543,3
948,2024-03-28,2,686,2,1,1,2,2,Female,0.08379888268156424,2
949,2023-12-29,3,776,3,1,1,3,3,Male,0.11166253101736973,2
950,2023-06-14,4,974,4,3,1,3,3,Female,0.1195219123505976,1
951,2024-06-10,4,612,4,3,1,4,4,Male,0.1869158878504673,0
952,2024-05-05,5,648,5,4,1,3,3,Male,0.22123893805309736,0
953,2024-03-07,3,707,3,0,1,3,3,Male,0.12211668928086838,2
954,2023-07-13,4,945,4,2,1,4,4,Female,0.12307692307692308,1
955,2024-06-17,4,605,4,1,1,3,3,Male,0.1889763779527559,2
956,2024-05-18,7,635,7,3,1,4,6,Female,0.3157894736842105,3
957,2024-01-18,4,756,4,3,1,3,3,Female,0.15267175572519084,2
958,2024-06-19,4,603,4,1,1,3,3,Female,0.1895734597156398,2
959,2024-05-15,6,638,6,4,1,3,5,Female,0.2694610778443114,0
960,2024-03-10,5,704,5,2,1,5,5,Female,0.20435967302452315,0
961,2023-11-27,1,808,1,0,1,1,1,Female,0.03579952267303103,1
962,2024-05-12,8,641,8,5,1,6,7,Female,0.35767511177347244,3
963,2024-07-03,8,589,8,2,1,4,5,Female,0.3877221324717286,3
964,2024-05-31,6,622,6,4,1,5,6,Female,0.2760736196319018,0
965,2024-01-10,2,764,2,1,1,2,2,Male,0.07556675062972293,2
966,2023-09-30,6,866,6,3,1,3,3,Male,0.20089285714285715,0
968,2024-05-18,7,635,7,3,1,3,4,Male,0.3157894736842105,0
969,2024-04-19,4,664,4,1,1,3,4,Male,0.1729106628242075,2
970,2023-08-27,4,900,4,4,1,4,4,Female,0.12903225806451613,0
971,2024-07-06,4,586,4,4,1,4,4,Female,0.1948051948051948,0
972,2023-08-23,5,904,5,3,1,5,5,Female,0.16059957173447537,0
973,2024-04-25,6,658,6,2,1,4,5,Female,0.2616279069767442,0
974,2024-06-01,10,621,10,6,1,6,6,Female,0.4608294930875576,3
975,2024-07-07,5,585,5,2,1,5,5,Female,0.24390243902439024,0
976,2024-05-07,4,646,4,1,1,3,3,Female,0.17751479289940827,2
977,2024-06-11,5,611,5,2,1,3,3,Male,0.234009360374415,0
978,2024-06-29,5,593,5,3,1,5,5,Male,0.24077046548956663,0
979,2023-07-08,2,950,2,1,1,1,1,Male,0.06122448979591836,1
980,2024-07-09,9,583,9,2,1,6,6,Male,0.4404567699836868,3
981,2024-07-04,5,588,5,3,1,3,3,Female,0.24271844660194175,0
982,2024-07-02,5,590,5,3,1,2,3,Female,0.24193548387096775,0
983,2024-07-12,4,580,4,3,1,3,3,Female,0.19672131147540986,0
984,2024-06-05,5,617,5,2,1,4,4,Male,0.23183925811437406,0
985,2024-07-02,5,590,5,2,1,4,5,Female,0.24193548387096775,0
986,2024-04-21,6,662,6,3,1,5,5,Female,0.26011560693641617,0
987,2024-06-30,7,592,7,2,1,4,4,Female,0.337620578778135,0
988,2024-06-01,10,621,10,5,1,5,6,Male,0.4608294930875576,3
989,2023-11-18,2,817,2,2,1,2,2,Female,0.07083825265643447,2
990,2024-01-28,5,746,5,2,1,4,5,Male,0.19329896907216496,0
991,2023-11-17,5,818,5,3,1,5,5,Male,0.17688679245283018,0
992,2024-02-12,6,731,6,2,1,5,5,Male,0.23653088042049936,0
993,2024-05-17,5,636,5,3,1,4,4,Male,0.22522522522522526,0
994,2024-06-28,5,594,5,0,1,4,5,Female,0.24038461538461536,0
995,2024-07-06,3,586,3,2,1,3,3,Male,0.1461038961038961,2
996,2024-05-09,3,644,3,0,1,3,3,Male,0.13353115727002968,2
997,2024-01-23,3,751,3,1,1,3,3,Female,0.11523687580025607,2
998,2024-06-27,4,595,4,3,1,3,4,Female,0.192,0
999,2024-04-09,4,674,4,4,1,4,4,Male,0.17045454545454547,0
1000,2024-04-27,2,656,2,1,1,2,2,Female,0.08746355685131195,2
